factor,vol_contrib,vol_contrib_pct
Value (HML),0,0
Profitability (RMW),0.003409715835354736,0.003409715835354736
Momentum (MOM),0.010316943265982712,0.010316943265982712
Investment (CMA),0.011164050007092844,0.011164050007092844
Size (SMB),0.020956037954980484,0.020956037954980484
Idiosyncratic,0.03470072766554736,0.03470072766554736
Market,0.10287587038523348,0.10287587038523348
