factor,vol_contrib,vol_contrib_pct
Size (SMB),0,0
Momentum (MOM),0.0056243839962940734,0.0056243839962940734
Profitability (RMW),0.012451772468418205,0.012451772468418205
Value (HML),0.015344512918745973,0.015344512918745973
Investment (CMA),0.016857654294946345,0.016857654294946345
Idiosyncratic,0.047097116121186465,0.047097116121186465
Market,0.10946052370588726,0.10946052370588726
