factor,vol_contrib,vol_contrib_pct
Size (SMB),0,0
Momentum (MOM),0.005744309137616666,0.005744309137616666
Value (HML),0.011520619317880856,0.011520619317880856
Investment (CMA),0.02041427442912462,0.02041427442912462
Profitability (RMW),0.021978907501621577,0.021978907501621577
Idiosyncratic,0.05437260227430442,0.05437260227430442
Market,0.1225107495199395,0.1225107495199395
